"","year","rank","artist","song","title_times","Song_Name","View_Count","Like_Count","title_times_categorical","decade"
"1",1960,1,"Shirelles","Will You Love Me Tomorrow",1,"Will You Love Me Tomorrow Shirelles",11038942,92542,"1 time","60's"
"2",1960,2,"Ray Charles","Georgia On My Mind",7,"Georgia On My Mind Ray Charles",2077198,28663,"5--8 times","60's"
"3",1960,4,"Hank Ballard & the Midnighters","Let's Go, Let's a-Go, Let's Go",6,"Let's Go, Let's Go, Let's Go Hank Ballard & the Midnighters",647485,4972,"5--8 times","60's"
"4",1960,5,"Maurice Williams & the Zodiacs","Stay",7,"Stay Maurice Williams & the Zodiacs",9269625,56605,"5--8 times","60's"
"5",1960,6,"Sam Cooke","Chain Gang",8,"Chain Gang Sam Cooke",8136356,72602,"5--8 times","60's"
"6",1960,7,"Drifters","Save The Last Dance For Me",6,"Save The Last Dance For Me Drifters",35736750,160597,"5--8 times","60's"
"7",1960,8,"Miracles","Shop Around",19,"Shop Around Miracles",359871,3445,"more than 8 times","60's"
"8",1960,9,"Chubby Checker","The Twist",5,"The Twist Chubby Checker",5935430,39116,"5--8 times","60's"
"9",1960,10,"Everly Brothers","Cathy's Clown",5,"Cathy's Clown Everly Brothers",3833138,26571,"5--8 times","60's"
"10",1961,1,"Ben E. King","Stand By Me",17,"Stand By Me Ben E. King",9899281,91611,"more than 8 times","60's"
"11",1961,2,"Patsy Cline","Crazy",12,"Crazy Patsy Cline",19023476,204739,"more than 8 times","60's"
"12",1961,3,"Dion","The Wanderer",6,"The Wanderer Dion",32245658,298597,"5--8 times","60's"
"13",1961,4,"Dion","Runaround Sue",4,"Runaround Sue Dion",30484544,297316,"3--4 times","60's"
"14",1961,5,"Roy Orbison","Crying",15,"Crying Roy Orbison",7695729,56769,"more than 8 times","60's"
"15",1961,6,"Ray Charles","Hit The Road, Jack",12,"Hit The Road Jack Ray Charles",17898477,319281,"more than 8 times","60's"
"16",1961,7,"Del Shannon","Runaway",6,"Runaway Del Shannon",7875941,81034,"5--8 times","60's"
"17",1961,8,"Gary U.S. Bonds","Quarter To Three",3,"Quarter To Three Gary U.S. Bonds",264328,2592,"3--4 times","60's"
"18",1961,9,"Showmen","It Will Stand",1,"It Will Stand Showmen",506756,2134,"1 time","60's"
"19",1961,10,"Roy Orbison","Runnin' Scared",4,"Running Scared Roy Orbison",677486,7518,"3--4 times","60's"
"20",1962,2,"Sam Cooke","Bring It On Home To Me",5,"Bring It On Home To Me Sam Cooke",5419440,60149,"5--8 times","60's"
"21",1962,3,"Miracles","You've Really Got A Hold On Me",16,"You've Really Got A Hold On Me Miracles",10804387,105068,"more than 8 times","60's"
"22",1962,4,"Little Eva","The Loco-Motion",14,"The Loco-Motion Little Eva",23747401,134406,"more than 8 times","60's"
"23",1962,5,"Four Seasons","Sherry",22,"Sherry Four Seasons",6716155,65981,"more than 8 times","60's"
"24",1962,6,"Ray Charles","I Can't Stop Loving You",3,"I Can't Stop Loving You Ray Charles",2014423,19298,"3--4 times","60's"
"25",1962,7,"Drifters","Up On The Roof",16,"Up On The Roof Drifters",7641554,47939,"more than 8 times","60's"
"26",1962,8,"Isley Brothers","Twist And Shout",7,"Twist And Shout Isley Brothers",4694632,29622,"5--8 times","60's"
"27",1962,9,"Otis Redding","These Arms Of Mine",4,"These Arms Of Mine Otis Redding",16481668,125033,"3--4 times","60's"
"28",1962,10,"Contours","Do You Love Me",16,"Do You Love Me Contours",762014,11931,"more than 8 times","60's"
"29",1963,1,"Kingsmen","Louie Louie",8,"Louie Louie Kingsmen",8743252,120229,"5--8 times","60's"
"30",1963,2,"Beatles","She Loves You",13,"She Loves You Beatles",12652322,119731,"more than 8 times","60's"
"31",1963,3,"Beatles","I Want To Hold Your Hand",1,"I Want To Hold Your Hand Beatles",98915519,703868,"1 time","60's"
"32",1963,4,"Ronettes","Be My Baby",14,"Be My Baby Ronettes",27706470,311524,"more than 8 times","60's"
"33",1963,5,"Beatles","I Saw Her Standing There",6,"I Saw Her Standing There Beatles",39169960,268072,"5--8 times","60's"
"34",1963,6,"Beach Boys","Surfin' U.S.A",8,"Surfin' USA Beach Boys",9870381,58214,"5--8 times","60's"
"35",1963,7,"Dave Clark Five","Glad All Over",12,"Glad All Over Dave Clark Five",5674723,30340,"more than 8 times","60's"
"36",1963,8,"Impressions","It's All Right",23,"It's All Right Impressions",2527793,25638,"more than 8 times","60's"
"37",1963,9,"Bob Dylan / Peter Paul & Mary","Blowin' In The Wind",1,"Blowin' In The Wind Bob Dylan / Peter Paul & Mary",30101135,135333,"1 time","60's"
"38",1963,10,"Beatles","Please, Please Me",3,"Please Please Me Beatles",11026819,84115,"3--4 times","60's"
"39",1964,2,"Temptations","My Girl",22,"My Girl Temptations",32119228,238232,"more than 8 times","60's"
"40",1964,3,"Kinks","You Really Got Me",19,"You Really Got Me Kinks",29149240,325808,"more than 8 times","60's"
"41",1964,4,"Animals","House Of The Rising Sun",1,"House Of The Rising Sun Animals",29695345,310559,"1 time","60's"
"42",1964,5,"Supremes","Where Did Our Love Go",8,"Where Did Our Love Go Supremes",2572523,28450,"5--8 times","60's"
"43",1964,6,"Beach Boys","I Get Around",30,"I Get Around Beach Boys",761182,10971,"more than 8 times","60's"
"44",1964,7,"Kinks","All Day And All Of The Night",8,"All Day And All Of The Night Kinks",9656443,86029,"5--8 times","60's"
"45",1964,8,"Roy Orbison","Oh, Pretty Woman",1,"Oh, Pretty Woman Roy Orbison",255288848,2174921,"1 time","60's"
"46",1964,9,"Beatles","A Hard Day's Night",6,"A Hard Day's Night Beatles",38745061,275356,"5--8 times","60's"
"47",1964,10,"Zombies","She's Not There",6,"She's Not There Zombies",6493161,63484,"5--8 times","60's"
"48",1965,1,"Rolling Stones","(I Can't Get No) Satisfaction",6,"(I Can't Get No) Satisfaction Rolling Stones",157357475,1020787,"5--8 times","60's"
"49",1965,2,"Bob Dylan","Like A Rolling Stone",4,"Like A Rolling Stone Bob Dylan",44504583,286223,"3--4 times","60's"
"50",1965,3,"Wilson Pickett","In The Midnight Hour",6,"In The Midnight Hour Wilson Pickett",13689092,72716,"5--8 times","60's"
"51",1965,4,"James Brown","Papa's Got A Brand New Bag",2,"Papa's Got A Brand New Bag James Brown",6375771,53038,"2 times","60's"
"52",1965,5,"The Who","My Generation",42,"My Generation The Who",18060430,150531,"more than 8 times","60's"
"53",1965,7,"Beatles","Yesterday",4,"Yesterday Beatles",50566752,534997,"3--4 times","60's"
"54",1965,9,"Beatles","Ticket To Ride",12,"Ticket To Ride Beatles",70021715,395416,"more than 8 times","60's"
"55",1965,10,"Miracles","The Tracks Of My Tears",4,"The Tracks Of My Tears Miracles",15728845,108870,"3--4 times","60's"
"56",1966,1,"Beach Boys","Good Vibrations",21,"Good Vibrations Beach Boys",8628137,85215,"more than 8 times","60's"
"57",1966,2,"Percy Sledge","When A Man Loves A Woman",5,"When A Man Loves A Woman Percy Sledge",8199484,75574,"5--8 times","60's"
"58",1966,3,"Four Tops","Reach Out, I'll Be There",0,"Reach Out, I'll Be There Four Tops",14382813,121106,"0 time","60's"
"59",1966,4,"Spencer Davis Group","Gimme Some a-Lovin'",8,"Gimme Some Lovin' Spencer Davis Group",3476428,40398,"5--8 times","60's"
"60",1966,5,"Temptations","Ain't Too Proud To Beg",4,"Ain't Too Proud To Beg Temptations",3267019,40357,"3--4 times","60's"
"61",1966,6,"Byrds","Eight Miles High",1,"Eight Miles High Byrds",1288935,14197,"1 time","60's"
"62",1966,7,"Buffalo Springfield","For What It's Worth",0,"For What It's Worth Buffalo Springfield",6968575,100133,"0 time","60's"
"63",1966,8,"Rolling Stones","Paint It Black",0,"Paint It Black Rolling Stones",491383874,3389874,"0 time","60's"
"64",1966,9,"Supremes","You Keep Me Hanging On",1,"You Keep Me Hangin' On Supremes",313816,4332,"1 time","60's"
"65",1966,10,"Troggs","Wild Thing",10,"Wild Thing Troggs",7327662,85371,"more than 8 times","60's"
"66",1967,1,"Aretha Franklin","Respect",7,"Respect Aretha Franklin",3238806,35113,"5--8 times","60's"
"67",1967,2,"Doors","Light My Fire",8,"Light My Fire Doors",6575915,66166,"5--8 times","60's"
"68",1967,3,"Cream","Sunshine Of Your Love",3,"Sunshine Of Your Love Cream",8056850,113374,"3--4 times","60's"
"69",1967,4,"Jimi Hendrix","Purple Haze",5,"Purple Haze Jimi Hendrix",19713095,271577,"5--8 times","60's"
"70",1967,5,"Beatles","A Day In The Life",0,"A Day In The Life Beatles",154267566,840939,"0 time","60's"
"71",1967,6,"Procol Harum","Whiter Shade Of Pale",4,"Whiter Shade Of Pale Procol Harum",23277667,160158,"3--4 times","60's"
"72",1967,7,"Jefferson Airplane","Somebody To Love",16,"Somebody To Love Jefferson Airplane",2704087,41565,"more than 8 times","60's"
"73",1967,8,"Sam & Dave","Soul Man",20,"Soul Man Sam & Dave",2249305,31769,"more than 8 times","60's"
"74",1967,9,"Beatles","Strawberry Fields Forever",6,"Strawberry Fields Forever Beatles",85632786,784504,"5--8 times","60's"
"75",1967,10,"Moody Blues","Nights In White Satin",2,"Nights In White Satin Moody Blues",31782203,303838,"2 times","60's"
"76",1968,1,"Marvin Gaye","I Heard It Through The Grapevine",7,"I Heard It Through The Grapevine Marvin Gaye",41120445,176354,"5--8 times","60's"
"77",1968,2,"Beatles","Hey, Jude",27,"Hey Jude Beatles",374710014,2618305,"more than 8 times","60's"
"78",1968,3,"Jimi Hendrix","All Along The Watchtower",3,"All Along The Watchtower Jimi Hendrix",234213333,1371631,"3--4 times","60's"
"79",1968,4,"Otis Redding","Dock Of The Bay",6,"Dock Of The Bay Otis Redding",115955321,732112,"5--8 times","60's"
"80",1968,5,"Tommy James & the Shondells","Mony Mony",1,"Mony Mony Tommy James & the Shondells",725916,5752,"1 time","60's"
"81",1968,6,"Rolling Stones","Jumpin' Jack Flash",9,"Jumpin' Jack Flash Rolling Stones",8492631,64930,"more than 8 times","60's"
"82",1968,7,"Steppenwolf","Born To Be Wild",6,"Born To Be Wild Steppenwolf",13296495,165461,"5--8 times","60's"
"83",1968,8,"Cream","White Room",1,"White Room Cream",1364942,37004,"1 time","60's"
"84",1968,9,"Rolling Stones","Sympathy For The Devil",0,"Sympathy For The Devil Rolling Stones",141750298,748571,"0 time","60's"
"85",1968,10,"Beatles","Revolution",1,"Revolution Beatles",84229510,467819,"1 time","60's"
"86",1969,1,"Led Zeppelin","Whole Lotta Love",12,"Whole Lotta Love Led Zeppelin",210207840,1400600,"more than 8 times","60's"
"87",1969,2,"Creedence Clearwater Revival","Proud Mary",3,"Proud Mary Creedence Clearwater Revival",3748603,22935,"3--4 times","60's"
"88",1969,3,"Jackson 5","I Want You Back",10,"I Want You Back Jackson 5",46047371,434980,"more than 8 times","60's"
"89",1969,4,"Rolling Stones","Honky Tonk Women",4,"Honky Tonk Women Rolling Stones",14331932,92874,"3--4 times","60's"
"90",1969,5,"Creedence Clearwater Revival","Bad Moon aRising",1,"Bad Moon Rising Creedence Clearwater Revival",61912501,328765,"1 time","60's"
"91",1969,6,"Crosby, Stills & Nash","Suite: Judy Blue Eyes",0,"Suite: Judy Blue Eyes Crosby, Stills & Nash",9837397,41843,"0 time","60's"
"92",1969,7,"Led Zeppelin","Dazed And Confused",2,"Dazed And Confused Led Zeppelin",5286581,72749,"2 times","60's"
"93",1969,8,"Rolling Stones","Gimme Shelter",1,"Gimme Shelter Rolling Stones",107869937,521786,"1 time","60's"
"94",1969,9,"Beatles","Come Together",12,"Come Together Beatles",124298312,1117044,"more than 8 times","60's"
"95",1969,10,"Temptations","I Can't Get Next To You",9,"I Can't Get Next To You Temptations",947850,9850,"more than 8 times","60's"
"96",1970,1,"Derek and the Dominos","Layla",12,"Layla Derek and the Dominos",2192358,38454,"more than 8 times","70's"
"97",1970,2,"Simon and Garfunkel","Bridge Over Troubled Water",6,"Bridge Over Troubled Water Simon and Garfunkel",32159000,221757,"5--8 times","70's"
"98",1970,3,"The Beatles","Let It Be",41,"Let It Be The Beatles",154860062,1227221,"more than 8 times","70's"
"99",1970,4,"Elton John","Your Song",1,"Your Song Elton John",45957284,372979,"1 time","70's"
"100",1970,5,"James Brown","Get Up (I Feel Like Being A) Sex Machine",0,"Get Up (I Feel Like Being A) Sex Machine James Brown",306884,5058,"0 time","70's"
"101",1970,6,"The Kinks","Lola",38,"Lola The Kinks",44534217,238465,"more than 8 times","70's"
"102",1970,7,"Creedence Clearwater Revival","Who'll Stop the Rain",3,"Who'll Stop the Rain Creedence Clearwater Revival",8705127,61713,"3--4 times","70's"
"103",1970,8,"James Taylor","Fire and Rain",1,"Fire and Rain James Taylor",4926281,46237,"1 time","70's"
"104",1970,9,"Black Sabbath","Paranoid",0,"Paranoid Black Sabbath",2509254,27693,"0 time","70's"
"105",1970,10,"Free","All Right Now",18,"All Right Now Free",17973865,165376,"more than 8 times","70's"
"106",1971,1,"Led Zeppelin","Stairway to Heaven",3,"Stairway to Heaven Led Zeppelin",109694804,1039468,"3--4 times","70's"
"107",1971,2,"John Lennon","Imagine",6,"Imagine John Lennon",3703413,52303,"5--8 times","70's"
"108",1971,3,"Marvin Gaye","What's Going On",15,"What's Going On Marvin Gaye",10288839,117212,"more than 8 times","70's"
"109",1971,4,"Al Green","Let's Stay Together",3,"Let's Stay Together Al Green",13029425,162806,"3--4 times","70's"
"110",1971,5,"Rod Stewart","Maggie May",0,"Maggie May Rod Stewart",1166176,15813,"0 time","70's"
"111",1971,6,"Don McLean","American Pie",7,"American Pie Don McLean",16655482,154895,"5--8 times","70's"
"112",1971,7,"The Who","Won't Get Fooled Again",0,"Won't Get Fooled Again The Who",18558009,168347,"0 time","70's"
"113",1971,8,"The Rolling Stones","Brown Sugar",8,"Brown Sugar The Rolling Stones",13781349,128487,"5--8 times","70's"
"114",1971,9,"The Temptations","Just My Imagination",9,"Just My Imagination The Temptations",55622211,280898,"more than 8 times","70's"
"115",1971,10,"Sly and the Family Stone","Family Affair",22,"Family Affair Sly and the Family Stone",1810248,23719,"more than 8 times","70's"
"116",1972,1,"Stevie Wonder","Superstition",3,"Superstition Stevie Wonder",33914045,331207,"3--4 times","70's"
"117",1972,2,"The Temptations","Papa was a rolling stone",8,"Papa Was a Rollin' Stone The Temptations",29573562,258791,"5--8 times","70's"
"118",1972,3,"Deep Purple","Smoke on the Water",6,"Smoke on the Water Deep Purple",14237022,146952,"5--8 times","70's"
"119",1972,4,"Bill Withers","Lean on Me",2,"Lean on Me Bill Withers",63589143,606343,"2 times","70's"
"120",1972,5,"Neil Young","Heart of Gold",9,"Heart of Gold Neil Young",3194924,32470,"more than 8 times","70's"
"121",1972,6,"Lou Reed","Walk on the Wild Side",10,"Walk on the Wild Side Lou Reed",63539604,370389,"more than 8 times","70's"
"122",1972,7,"Stevie Wonder","You Are the Sunshine of My Life",3,"You Are the Sunshine of My Life Stevie Wonder",786725,13276,"3--4 times","70's"
"123",1972,8,"Harold Melvin & the Blue Notes","If You Don't Know Me by Now",9,"If You Don't Know Me by Now Harold Melvin & the Blue Notes",2099127,42908,"more than 8 times","70's"
"124",1972,9,"The Staple Singers","I'll Take You There",38,"I'll Take You There The Staple Singers",14338562,121908,"more than 8 times","70's"
"125",1972,10,"The Rolling Stones","Tumbling Dice",5,"Tumbling Dice The Rolling Stones",432013,6639,"5--8 times","70's"
"126",1973,1,"Lynyrd Skynyrd","Free Bird",1,"Free Bird Lynyrd Skynyrd",19036312,301620,"1 time","70's"
"127",1973,2,"Marvin Gaye","Let's Get It On",11,"Let's Get It On Marvin Gaye",5490624,71279,"more than 8 times","70's"
"128",1973,3,"Gladys Knight and the Pips","Midnight Train to Georgia",9,"Midnight Train to Georgia Gladys Knight and the Pips",33475948,248677,"more than 8 times","70's"
"129",1973,4,"Aerosmith","Dream On",13,"Dream On Aerosmith",129406034,1727205,"more than 8 times","70's"
"130",1973,5,"Stevie Wonder","Living for the City",2,"Living for the City Stevie Wonder",1961392,29713,"2 times","70's"
"131",1973,6,"Pink Floyd","Money",6,"Money Pink Floyd",32194683,261230,"5--8 times","70's"
"132",1973,7,"Billy Joel","Piano Man",3,"Piano Man Billy Joel",246604764,1486288,"3--4 times","70's"
"133",1973,8,"Roberta Flack","Killing Me Softly with His Song",17,"Killing Me Softly with His Song Roberta Flack",6536537,97914,"more than 8 times","70's"
"134",1973,9,"Elton John","Goodbye Yellow Brick Road",2,"Goodbye Yellow Brick Road Elton John",37670413,423129,"2 times","70's"
"135",1973,10,"Isley Brothers","That Lady",18,"That Lady Isley Brothers",3804728,43954,"more than 8 times","70's"
"136",1974,2,"Lynyrd Skynyrd","Sweet Home Alabama",8,"Sweet Home Alabama Lynyrd Skynyrd",10661258,97469,"5--8 times","70's"
"137",1974,3,"Bachman-Turner Overdrive","You Ain't Seen Nothin' Yet",4,"You Ain't Seen Nothin' Yet Bachman-Turner Overdrive",24022651,158360,"3--4 times","70's"
"138",1974,4,"George McCrae","Rock Your Baby",10,"Rock Your Baby George McCrae",11538496,74079,"more than 8 times","70's"
"139",1974,5,"LaBelle","Lady Marmalade",4,"Lady Marmalade LaBelle",97513,1986,"3--4 times","70's"
"140",1974,6,"Kraftwerk","Autobahn",53,"Autobahn Kraftwerk",3595960,26982,"more than 8 times","70's"
"141",1974,7,"Joni Mitchell","Help Me",3,"Help Me Joni Mitchell",319414,5259,"3--4 times","70's"
"142",1974,8,"Abba","Waterloo",21,"Waterloo Abba",84738879,406885,"more than 8 times","70's"
"143",1974,9,"Barry White","Can't Get Enough of Your Love, Babe",10,"Can't Get Enough of Your Love, Babe Barry White",70693258,350324,"more than 8 times","70's"
"144",1974,10,"Rufus","Tell Me Something Good",8,"Tell Me Something Good Rufus",1083486,23550,"5--8 times","70's"
"145",1975,1,"Bruce Springsteen","Born to Run",4,"Born to Run Bruce Springsteen",57022159,180746,"3--4 times","70's"
"146",1975,2,"Queen","Bohemian Rhapsody",0,"Bohemian Rhapsody Queen",1712798779,12159730,"0 time","70's"
"147",1975,3,"Aerosmith","Walk This Way",15,"Walk This Way Aerosmith",11812131,139369,"more than 8 times","70's"
"148",1975,4,"Led Zeppelin","Kashmir",1,"Kashmir Led Zeppelin",149586868,814166,"1 time","70's"
"149",1975,5,"Bob Dylan","Tangled Up in Blue",7,"Tangled Up in Blue Bob Dylan",7873851,46173,"5--8 times","70's"
"150",1975,6,"Pink Floyd","Wish You Were Here",2,"Wish You Were Here Pink Floyd",245607107,1344377,"2 times","70's"
"151",1975,7,"Bruce Springsteen","Thunder Road",5,"Thunder Road Bruce Springsteen",4503316,19590,"5--8 times","70's"
"152",1975,8,"Eagles","One of These Nights",18,"One of These Nights Eagles",35481425,251357,"more than 8 times","70's"
"153",1975,9,"War","Low Rider",8,"Low Rider War",20718624,302653,"5--8 times","70's"
"154",1975,10,"10cc","I'm Not in Love",7,"I'm Not in Love 10cc",26159394,280226,"5--8 times","70's"
"155",1976,1,"The Eagles","Hotel California",1,"Hotel California The Eagles",233970256,1036660,"1 time","70's"
"156",1976,2,"Fleetwood Mac","Go Your Own Way",12,"Go Your Own Way Fleetwood Mac",10599918,107773,"more than 8 times","70's"
"157",1976,3,"Boston","More Than a Feeling",12,"More Than a Feeling Boston",41284466,357035,"more than 8 times","70's"
"158",1976,4,"The Sex Pistols","Anarchy in the UK",0,"Anarchy in the UK The Sex Pistols",10028872,100458,"0 time","70's"
"159",1976,5,"Abba","Dancing Queen",8,"Dancing Queen Abba",797899674,3754177,"5--8 times","70's"
"160",1976,6,"Blue Oyster Cult","(Don't Fear) The Reaper",8,"(Don't Fear) The Reaper Blue Oyster Cult",74227260,635170,"5--8 times","70's"
"161",1976,7,"Bob Seger","Night Moves",27,"Night Moves Bob Seger",18769340,135873,"more than 8 times","70's"
"162",1976,8,"The Ramones","Blitzkrieg Bop",1,"Blitzkrieg Bop The Ramones",2460509,42627,"1 time","70's"
"163",1976,9,"Thin Lizzy","The Boys Are Back in Town",26,"The Boys Are Back in Town Thin Lizzy",23037044,153248,"more than 8 times","70's"
"164",1976,10,"Wild Cherry","Play That Funky Music",26,"Play That Funky Music Wild Cherry",8713140,128603,"more than 8 times","70's"
"165",1977,3,"David Bowie","Heroes",9,"Heroes David Bowie",35149853,405397,"more than 8 times","70's"
"166",1977,4,"The Emotions","Best of My Love",16,"Best of My Love The Emotions",5622059,78723,"more than 8 times","70's"
"167",1977,5,"The Sex Pistols","God Save the Queen",6,"God Save the Queen The Sex Pistols",3593995,59443,"5--8 times","70's"
"168",1977,6,"The Commodores","Brick House",1,"Brick House The Commodores",31262524,191307,"1 time","70's"
"169",1977,7,"Fleetwood Mac","Dreams",3,"Dreams Fleetwood Mac",51362433,562628,"3--4 times","70's"
"170",1977,8,"Meat Loaf","Paradise by the Dashboard Light",3,"Paradise by the Dashboard Light Meat Loaf",83462510,366789,"3--4 times","70's"
"171",1977,9,"Donna Summer","I Feel Love",26,"I Feel Love Donna Summer",1192417,21795,"more than 8 times","70's"
"172",1977,10,"Bob Marley and the Wailers","jammin'",53,"Jamming Bob Marley and the Wailers",5155442,55597,"more than 8 times","70's"
"173",1978,1,"Gloria Gaynor","I Will Survive",10,"I Will Survive Gloria Gaynor",67407280,719956,"more than 8 times","70's"
"174",1978,2,"The Police","Roxanne",28,"Roxanne The Police",150956289,918303,"more than 8 times","70's"
"175",1978,3,"Dire Straits","Sultans of Swing",2,"Sultans of Swing Dire Straits",310955616,1778501,"2 times","70's"
"176",1978,4,"Blondie","Heart of Glass",2,"Heart of Glass Blondie",453660447,2597952,"2 times","70's"
"177",1978,5,"Funkadelic","One Nation Under a Groove",12,"One Nation Under a Groove Funkadelic",20670507,169102,"more than 8 times","70's"
"178",1978,6,"The Ramones","I Wanna Be Sedated",4,"I Wanna Be Sedated The Ramones",27694621,256659,"3--4 times","70's"
"179",1978,7,"The Rolling Stones","Miss You",7,"Miss You The Rolling Stones",16666931,120205,"5--8 times","70's"
"180",1978,8,"Chic","Le Freak",22,"Le Freak Chic",19608947,232949,"more than 8 times","70's"
"181",1978,9,"Bob Seger","Old Time Rock and Roll",15,"Old Time Rock and Roll Bob Seger",34347544,244086,"more than 8 times","70's"
"182",1978,10,"The B-52's","Rock Lobster",20,"Rock Lobster The B-52's",11879710,120011,"more than 8 times","70's"
"183",1979,1,"Pink Floyd","Another Brick in the Wall, Part 2",0,"Another Brick in the Wall, Part 2 Pink Floyd",49416982,501851,"0 time","70's"
"184",1979,2,"The Clash","London Calling",11,"London Calling The Clash",56239438,395598,"more than 8 times","70's"
"185",1979,3,"The Sugarhill Gang","Rapper's Delight",0,"Rapper's Delight The Sugarhill Gang",20008315,261867,"0 time","70's"
"186",1979,4,"Chic","Good Times",35,"Good Times Chic",27919140,236364,"more than 8 times","70's"
"187",1979,5,"Michael Jackson","Don't stop 'til you get enough",35,"Dont Stop 'Til You Get Enough Michael Jackson",381103297,2467052,"more than 8 times","70's"
"188",1979,6,"Sister Sledge","We Are Family",15,"We Are Family Sister Sledge",8091728,82282,"more than 8 times","70's"
"189",1979,7,"Pink Floyd","Comfortably Numb",3,"Comfortably Numb Pink Floyd",92302558,826895,"3--4 times","70's"
"190",1979,8,"Donna Summer","Hot Stuff",31,"Hot Stuff Donna Summer",13746519,130880,"more than 8 times","70's"
"191",1979,9,"The Pretenders","Brass in Pocket",1,"Brass in Pocket The Pretenders",7255746,71687,"1 time","70's"
"192",1979,10,"The Police","Message in a Bottle",10,"Message in a Bottle The Police",115623376,740263,"more than 8 times","70's"
"193",1980,1,"Blondie","Call Me",81,"Call Me Blondie",70490860,574715,"more than 8 times","80's"
"194",1980,2,"Kool & The Gang","Celebration",14,"Celebration Kool & The Gang",299381569,1610775,"more than 8 times","80's"
"195",1980,3,"Queen","Another One Bites the Dust",16,"Another One Bites the Dust Queen",609955185,3969436,"more than 8 times","80's"
"196",1980,4,"AC/DC","You Shook Me All Night Long",10,"You Shook Me All Night Long AC/DC",312197053,1501451,"more than 8 times","80's"
"197",1980,5,"Joy Division","Love Will Tear Us Apart",6,"Love Will Tear Us Apart Joy Division",82516619,619008,"5--8 times","80's"
"198",1980,6,"Devo","Whip It",20,"Whip It Devo",20800053,201686,"more than 8 times","80's"
"199",1980,7,"Diana Ross","Upside Down",16,"Upside Down Diana Ross",921558,17550,"more than 8 times","80's"
"200",1980,8,"Irene Cara","Fame",16,"Fame Irene Cara",6914057,61602,"more than 8 times","80's"
"201",1980,9,"AC/DC","Back In Black",9,"Back In Black AC/DC",988040761,6107777,"more than 8 times","80's"
"202",1980,10,"John Lennon","(Just Like) Starting Over",3,"(Just Like) Starting Over John Lennon",7939547,74285,"3--4 times","80's"
"203",1981,1,"Joan Jett & The Blackhearts","I love rock 'n' roll",14,"I Love Rock N Roll Joan Jett & The Blackhearts",19882470,301360,"more than 8 times","80's"
"204",1981,2,"Human League","Don't You Want Me?",16,"Don't You Want Me? Human League",183326215,920672,"more than 8 times","80's"
"205",1981,3,"Soft Cell","Tainted Love",15,"Tainted Love Soft Cell",51297251,548047,"more than 8 times","80's"
"206",1981,4,"Rick James","Super Freak",1,"Super Freak Part I Rick James",145883171,1376442,"1 time","80's"
"207",1981,5,"Rolling Stones","Start Me Up",8,"Start Me Up Rolling Stones",66254912,408655,"5--8 times","80's"
"208",1981,6,"Kim Carnes","Bette Davis Eyes",9,"Bette Davis Eyes Kim Carnes",124041003,875260,"more than 8 times","80's"
"209",1981,7,"Diana Ross & Lionel Richie","Endless Love",3,"Endless Love Diana Ross & Lionel Richie",35554957,266911,"3--4 times","80's"
"210",1981,8,"Go-Gos","Our Lips Are Sealed",7,"Our Lips Are Sealed Go-Gos",32860627,174552,"5--8 times","80's"
"211",1981,9,"Rick Springfield","Jessie's Girl",12,"Jessie's Girl Rick Springfield",61661833,444992,"more than 8 times","80's"
"212",1981,10,"Olivia Newton-John","Physical",20,"Physical Olivia Newton-John",37773887,226689,"more than 8 times","80's"
"213",1982,1,"Michael Jackson","Billie Jean",13,"Billie Jean Michael Jackson",1499568620,10667168,"more than 8 times","80's"
"214",1982,3,"Michael Jackson","Beat It",60,"Beat It Michael Jackson",1004443589,7410888,"more than 8 times","80's"
"215",1982,4,"Marvin Gaye","Sexual Healing",13,"Sexual Healing Marvin Gaye",193507955,1348221,"more than 8 times","80's"
"216",1982,6,"Prince","Little Red Corvette",15,"Little Red Corvette Prince",40664180,259341,"more than 8 times","80's"
"217",1982,7,"Eurythmics","Sweet Dreams (Are Made of This)",8,"Sweet Dreams (Are Made of This) Eurythmics",871033679,7087750,"5--8 times","80's"
"218",1982,8,"Prince","1999",14,"1999 Prince",29552728,225878,"more than 8 times","80's"
"219",1982,9,"Clash","Rock the Casbah",11,"Rock the Casbah Clash",92608414,549211,"more than 8 times","80's"
"220",1982,10,"Dexys Midnight Runners","Come on, Eileen",21,"Come on Eileen Dexys Midnight Runners",14527891,128774,"more than 8 times","80's"
"221",1983,1,"Police","Every Breath You Take",3,"Every Breath You Take Police",1204284137,5221077,"3--4 times","80's"
"222",1983,2,"Van Halen","Jump",23,"Jump Van Halen",208170011,1404623,"more than 8 times","80's"
"223",1983,3,"Cyndi Lauper","Girls Just Wanna Have Fun",13,"Girls Just Want To Have Fun Cyndi Lauper",1281882301,6261896,"more than 8 times","80's"
"224",1983,4,"Irene Cara","Flashdance...What a Feeling",0,"Flashdance...What a Feeling Irene Cara",100170920,609710,"0 time","80's"
"225",1983,5,"Madonna","Holiday",14,"Holiday Madonna",18943155,105392,"more than 8 times","80's"
"226",1983,6,"Cyndi Lauper","Time After Time",17,"Time After Time Cyndi Lauper",503328311,2308460,"more than 8 times","80's"
"227",1983,7,"Lionel Richie","All Night Long",18,"All Night Long (All Night) Lionel Richie",154514038,985735,"more than 8 times","80's"
"228",1983,9,"New Order","Blue Monday",0,"Blue Monday New Order",57687385,451179,"0 time","80's"
"229",1983,10,"David Bowie","Let's Dance",28,"Let's Dance David Bowie",51232289,479134,"more than 8 times","80's"
"230",1984,1,"Prince","When Doves Cry",14,"When Doves Cry Prince",97067085,775144,"more than 8 times","80's"
"231",1984,2,"Madonna","Like a Virgin",8,"Like a Virgin Madonna",117279138,650583,"5--8 times","80's"
"232",1984,3,"Tina Turner","What's Love Got To Do With It?",0,"What's Love Got To Do With It? Tina Turner",233898540,1430371,"0 time","80's"
"233",1984,4,"Bruce Springsteen","Born In the U.S.A.",14,"Born In the U.S.A. Bruce Springsteen",80545353,432992,"more than 8 times","80's"
"234",1984,5,"Prince","Purple Rain",23,"Purple Rain Prince",83228569,948644,"more than 8 times","80's"
"235",1984,6,"Foreigner","I Wanna Know What Love Is",6,"I Want to Know What Love Is Foreigner",312589446,1905108,"5--8 times","80's"
"236",1984,7,"Bruce Springsteen","Dancing In the Dark",7,"Dancing In the Dark Bruce Springsteen",342152475,1372476,"5--8 times","80's"
"237",1984,8,"Don Henley","The Boys of Summer",4,"The Boys of Summer Don Henley",23084922,152494,"3--4 times","80's"
"238",1984,9,"Wham! feat. George Michael","Careless Whisper",2,"Careless Whisper Wham! feat. George Michael",1134194447,7641723,"2 times","80's"
"239",1984,10,"U2","Pride (In the Name of Love)",1,"Pride (In the Name of Love) U2",104373954,440180,"1 time","80's"
"240",1985,1,"Dire Straits","Money For Nothing",19,"Money For Nothing Dire Straits",119965141,773580,"more than 8 times","80's"
"241",1985,2,"Robert Palmer","Addicted To Love",16,"Addicted To Love Robert Palmer",108298212,538292,"more than 8 times","80's"
"242",1985,3,"U.S.A. for Africa","We Are the World",15,"We Are the World U.S.A. for Africa",144758321,1077722,"more than 8 times","80's"
"243",1985,4,"Madonna","Into the Groove",8,"Into the Groove Madonna",75508063,396978,"5--8 times","80's"
"244",1985,5,"Cameo","Word Up!",3,"Word Up! Cameo",47614637,401148,"3--4 times","80's"
"245",1985,7,"Bangles","Walk Like An Egyptian",4,"Walk Like An Egyptian Bangles",141405216,871387,"3--4 times","80's"
"246",1985,8,"Whitney Houston","How Will I Know?",27,"How Will I Know? Whitney Houston",141973145,599464,"more than 8 times","80's"
"247",1985,9,"Huey Lewis & The News","The Power of Love",11,"The Power of Love Huey Lewis & The News",15067039,212306,"more than 8 times","80's"
"248",1985,10,"Whitney Houston","Saving All My Love For You",4,"Saving All My Love For You Whitney Houston",78130670,378536,"3--4 times","80's"
"249",1986,1,"Run-D.M.C.","Walk This Way",10,"Walk This Way Run-D.M.C.",121070689,862604,"more than 8 times","80's"
"250",1986,2,"Prince","Kiss",3,"Kiss Prince",70772878,572131,"3--4 times","80's"
"251",1986,4,"Madonna","Papa, Don't Preach",14,"Papa Don't Preach Madonna",211915715,841777,"more than 8 times","80's"
"252",1986,5,"Janet Jackson","Nasty",46,"Nasty Janet Jackson",2448791,38692,"more than 8 times","80's"
"253",1986,6,"Peter Gabriel","Sledgehammer",7,"Sledgehammer Peter Gabriel",69042136,491411,"5--8 times","80's"
"254",1986,7,"Bon Jovi","Livin' On a Prayer",11,"Livin' On a Prayer Bon Jovi",1124132204,5082556,"more than 8 times","80's"
"255",1986,8,"Steve Winwood","Higher Love",36,"Higher Love Steve Winwood",36072770,251034,"more than 8 times","80's"
"256",1986,9,"Berlin","Take My Breath Away",9,"Take My Breath Away Berlin",383813226,2419507,"more than 8 times","80's"
"257",1986,10,"Salt-N-Pepa","Push It",47,"Push It Salt-N-Pepa",174848119,1004174,"more than 8 times","80's"
"258",1987,1,"Guns N' Roses","Sweet Child Of Mine",4,"Sweet Child O' Mine Guns N' Roses",1603312409,8019736,"3--4 times","80's"
"259",1987,2,"U2","With or Without You",12,"With or Without You U2",141380295,932242,"more than 8 times","80's"
"260",1987,3,"U2","I Still Haven't Found What I'm Looking For",8,"I Still Haven't Found What I'm Looking For U2",201722034,1060207,"5--8 times","80's"
"261",1987,4,"George Michael","Faith",27,"Faith George Michael",47012579,335198,"more than 8 times","80's"
"262",1987,5,"Michael Jackson","Bad",88,"Bad Michael Jackson",87458349,992812,"more than 8 times","80's"
"263",1987,6,"Guns N' Roses","Welcome To the Jungle",10,"Welcome To the Jungle Guns N' Roses",578155854,3217463,"more than 8 times","80's"
"264",1987,7,"Def Leppard","Pour Some Sugar On Me",9,"Pour Some Sugar On Me Def Leppard",119484210,641306,"more than 8 times","80's"
"265",1987,8,"Prince","Sign O' the Times",2,"Sign O the Times Prince",6357551,61034,"2 times","80's"
"266",1987,9,"Bill Medley & Jennifer Warnes","(I've Had) The Time of My Life",6,"(I've Had) The Time of My Life Bill Medley & Jennifer Warnes",36561470,405073,"5--8 times","80's"
"267",1987,10,"Whitney Houston","I Wanna Dance With Somebody",12,"I Wanna Dance With Somebody (Who Loves Me) Whitney Houston",428753504,2219416,"more than 8 times","80's"
"268",1988,1,"Tracy Chapman","Fast Car",7,"Fast Car Tracy Chapman",79464410,716489,"5--8 times","80's"
"269",1988,2,"Metallica","One",2,"One Metallica",305881260,1875294,"2 times","80's"
"270",1988,3,"N.W.A","Fuck The Police",17,"Fuck Tha Police N.W.A",1744439,25112,"more than 8 times","80's"
"271",1988,4,"Rob Base & DJ E-Z Rock","It Takes Two",38,"It Takes Two Rob Base & DJ E-Z Rock",70795148,624914,"more than 8 times","80's"
"272",1988,5,"Bobby Brown","My Prerogative",17,"My Prerogative Bobby Brown",55353638,396615,"more than 8 times","80's"
"273",1988,6,"Paula Abdul","Straight Up",12,"Straight Up Paula Abdul",52627664,434195,"more than 8 times","80's"
"274",1988,7,"Neneh Cherry","Buffalo Stance",5,"Buffalo Stance Neneh Cherry",35765945,206673,"5--8 times","80's"
"275",1988,8,"Fine Young Cannibals","She Drives Me Crazy",10,"She Drives Me Crazy Fine Young Cannibals",67799566,465697,"more than 8 times","80's"
"276",1988,9,"Bette Midler","Wind Beneath My Wings",9,"Wind Beneath My Wings Bette Midler",21136243,146723,"more than 8 times","80's"
"277",1988,10,"DJ Jazzy Jeff & The Fresh Prince","Parents Just Don't Understand",3,"Parents Just Don't Understand DJ Jazzy Jeff & The Fresh Prince",14982379,131466,"3--4 times","80's"
"278",1989,1,"Public Enemy","Fight the Power",35,"Fight the Power Public Enemy",8848888,106062,"more than 8 times","80's"
"279",1989,2,"Madonna","Like a Prayer",23,"Like a Prayer Madonna",273704738,1308806,"more than 8 times","80's"
"280",1989,3,"Neil Young","Rockin' In the Free World",13,"Rockin' In the Free World Neil Young",14336420,125300,"more than 8 times","80's"
"281",1989,4,"Tom Petty","Free Fallin'",36,"Free Fallin' Tom Petty",114633122,646470,"more than 8 times","80's"
"282",1989,5,"B-52s","Love Shack",40,"Love Shack B-52s",73125759,453607,"more than 8 times","80's"
"283",1989,6,"Stone Roses","Fool's Gold",5,"Fool's Gold Stone Roses",12126642,73844,"5--8 times","80's"
"284",1989,8,"Soul II Soul","Back To Life",1,"Back To Life Soul II Soul",95318978,744582,"1 time","80's"
"285",1989,9,"Technotronic feat. Felly","Pump Up the Jam",21,"Pump Up the Jam Technotronic feat. Felly",311847197,2279055,"more than 8 times","80's"
"286",1989,10,"Young MC","Bust a Move",10,"Bust a Move Young MC",33111786,189386,"more than 8 times","80's"
"287",1990,1,"Sinead O'Connor","Nothing Compares to yoU",5,"Nothing Compares 2 U Sinead O'Connor",445524329,2491391,"5--8 times","90's"
"288",1990,2,"LL Cool J","Mama Said Knock You Out",16,"Mama Said Knock You Out LL Cool J",41701635,394276,"more than 8 times","90's"
"289",1990,3,"Madonna","Vogue",31,"Vogue Madonna",160801551,846840,"more than 8 times","90's"
"290",1990,4,"Jane's Addiction","Been Caught Stealin'",1,"Been Caught Stealing Jane's Addiction",12208687,85582,"1 time","90's"
"291",1990,5,"Deee-Lite","Groove Is In The Heart",12,"Groove Is In The Heart Deee-Lite",81126207,665548,"more than 8 times","90's"
"292",1990,6,"Depeche Mode","Enjoy The Silence",1,"Enjoy The Silence Depeche Mode",404930869,2339021,"1 time","90's"
"293",1990,7,"Alice In Chains","Man In The Box",1,"Man In The Box Alice In Chains",156111107,920012,"1 time","90's"
"294",1990,8,"MC Hammer","U Can't Touch This",24,"U Can't Touch This MC Hammer",820016466,4364641,"more than 8 times","90's"
"295",1990,9,"EMF","Unbelievable",8,"Unbelievable EMF",7261635,97493,"5--8 times","90's"
"296",1990,10,"Mariah Carey","Vision of Love",5,"Vision of Love Mariah Carey",40969523,253417,"5--8 times","90's"
"297",1991,1,"Nirvana","Smells Like Teen Spirit",0,"Smells Like Teen Spirit Nirvana",1769025082,12934124,"0 time","90's"
"298",1991,2,"R.E.M.","Losin' My Religion",2,"Losing My Religion R.E.M.",1192198708,4616777,"2 times","90's"
"299",1991,3,"Pearl Jam","Jeremy",12,"Jeremy Pearl Jam",137030204,617571,"more than 8 times","90's"
"300",1991,4,"U2","One",15,"One U2",158826336,673507,"more than 8 times","90's"
"301",1991,5,"Red Hot Chili Peppers","Under The Bridge",4,"Under The Bridge Red Hot Chili Peppers",275298288,1364866,"3--4 times","90's"
"302",1991,6,"Naughty by Nature","O.P.P.",35,"O.P.P. Naughty by Nature",14997169,144308,"more than 8 times","90's"
"303",1991,7,"Guns N' Roses","November Rain",3,"November Rain Guns N' Roses",2112211358,7366384,"3--4 times","90's"
"304",1991,8,"Metallica","Enter Sandman",0,"Enter Sandman Metallica",629452970,3146672,"0 time","90's"
"305",1991,9,"Nirvana","Come As You Are",1,"Come As You Are Nirvana",530243494,3642124,"1 time","90's"
"306",1991,10,"Pearl Jam","Alive",12,"Alive Pearl Jam",91074879,413434,"more than 8 times","90's"
"307",1992,1,"Dr. Dre","nothin' but a G thang",1,"Nuthin' But a G Thang Dr. Dre",12672909,170934,"1 time","90's"
"308",1992,2,"Eric Clapton","Tears In Heaven",1,"Tears In Heaven Eric Clapton",109839616,860151,"1 time","90's"
"309",1992,3,"Radiohead","Creep",3,"Creep Radiohead",933328105,5567139,"3--4 times","90's"
"310",1992,4,"Arrested Development","Tennessee",3,"Tennessee Arrested Development",11065626,107155,"3--4 times","90's"
"311",1992,5,"Rage Against The Machine","Killing In The Name",5,"Killing In The Name Rage Against The Machine",246115823,1725234,"5--8 times","90's"
"312",1992,6,"Stone Temple Pilots","Plush",0,"Plush Stone Temple Pilots",64315800,412676,"0 time","90's"
"313",1992,7,"R.E.M.","Everybody Hurts",7,"Everybody Hurts R.E.M.",147956846,946735,"5--8 times","90's"
"314",1992,8,"Sir Mix-a-Lot","Baby Got Back",6,"Baby Got Back Sir Mix-a-Lot",67681148,755443,"5--8 times","90's"
"315",1992,9,"Mary J. Blige","Real Love",37,"Real Love Mary J. Blige",939545,20396,"more than 8 times","90's"
"316",1992,10,"House of Pai","Jump Around",21,"Jump Around House of Pai",117795780,1052835,"more than 8 times","90's"
"317",1993,1,"Beck","Loser",9,"Loser Beck",185150580,1135772,"more than 8 times","90's"
"318",1993,2,"Sheryl Crow","All I Wanna Do",12,"All I Wanna Do Sheryl Crow",4973965,55967,"more than 8 times","90's"
"319",1993,3,"Smashing Pumpkins","Today",8,"Today Smashing Pumpkins",57011041,383700,"5--8 times","90's"
"320",1993,4,"Salt 'n' Pepa with En Vogue","Whatta Man",1,"Whatta Man Salt 'n' Pepa with En Vogue",12678360,128492,"1 time","90's"
"321",1993,5,"Counting Crows","Mr. Jones",8,"Mr. Jones Counting Crows",308798128,1220201,"5--8 times","90's"
"322",1993,6,"Soul Asylum","Runaway Train",8,"Runaway Train Soul Asylum",208998698,1078943,"5--8 times","90's"
"323",1993,7,"Nirvana","All Apologies",2,"All Apologies Nirvana",96975278,429414,"2 times","90's"
"324",1993,8,"Janet Jackson","That's The Way Love Goes",32,"That's The Way Love Goes Janet Jackson",22492087,258262,"more than 8 times","90's"
"325",1993,9,"Snoop Doggy Dogg","Gin and Juice",8,"Gin & Juice Snoop Doggy Dogg",1360971,2929,"5--8 times","90's"
"326",1993,10,"Lenny Krav","Are You Going to Go My Way",3,"Are You Gonna Go My Way Lenny Krav",63584857,417074,"3--4 times","90's"
"327",1994,1,"TLC","Waterfalls",6,"Waterfalls TLC",150687389,891825,"5--8 times","90's"
"328",1994,2,"Soundgarden","Black Hole Sun",34,"Black Hole Sun Soundgarden",246997921,1558584,"more than 8 times","90's"
"329",1994,3,"Nine Inch Nails","Closer",2,"Closer Nine Inch Nails",32110055,430181,"2 times","90's"
"330",1994,4,"Beastie Boys","Sabotage",7,"Sabotage Beastie Boys",124001301,785812,"5--8 times","90's"
"331",1994,5,"Warren G","Regulate",3,"Regulate Warren G",347288280,2115694,"3--4 times","90's"
"332",1994,6,"Green Day","Longview",0,"Longview Green Day",18979961,127715,"0 time","90's"
"333",1994,7,"TLC","Creep",23,"Creep TLC",119198534,700640,"more than 8 times","90's"
"334",1994,8,"Live","Lightning Crashes",3,"Lightning Crashes Live",94960697,504187,"3--4 times","90's"
"335",1994,9,"The Cranberries","Zombie",12,"Zombie The Cranberries",1467887437,7663395,"more than 8 times","90's"
"336",1994,10,"Stone Temple Pilots","Interstate Love Song",0,"Interstate Love Song Stone Temple Pilots",65401461,370257,"0 time","90's"
"337",1995,1,"Coolio","Gangsta's Paradise",12,"Gangsta's Paradise Coolio",1396995375,11819337,"more than 8 times","90's"
"338",1995,2,"Alanis Morissette","You Oughta Know",4,"You Oughta Know Alanis Morissette",77730628,453341,"3--4 times","90's"
"339",1995,3,"Oasis","Wonderwall",3,"Wonderwall Oasis",458240720,2864117,"3--4 times","90's"
"340",1995,4,"Smashing Pumpkins","1979",1,"1979 Smashing Pumpkins",221066055,1109150,"1 time","90's"
"341",1995,5,"Smashing Pumpkins","Bullet With Butterfly Wings",0,"Bullet With Butterfly Wings Smashing Pumpkins",80278291,548266,"0 time","90's"
"342",1995,6,"Bone Thugs 'n' Harmony","The Crossroads",4,"The Crossroads Bone Thugs 'n' Harmony",155164493,1138688,"3--4 times","90's"
"343",1995,7,"Alanis Morissette","Ironic",4,"Ironic Alanis Morissette",240377703,1308128,"3--4 times","90's"
"344",1995,8,"2Pac","Dear Mama",5,"Dear Mama 2Pac",424108864,3528504,"5--8 times","90's"
"345",1995,9,"Everclear","Santa Monica",0,"Santa Monica Everclear",35047633,208229,"0 time","90's"
"346",1995,10,"Oasis","Champagne Supernova",9,"Champagne Supernova Oasis",118190613,537698,"more than 8 times","90's"
"347",1996,1,"2Pac","California Love",1,"California Love 2Pac",43650304,510136,"1 time","90's"
"348",1996,2,"BLACKstreet","No Diggity",16,"No Diggity BLACKstreet",358272362,2085301,"more than 8 times","90's"
"349",1996,3,"No Doubt","Don't Speak",9,"Don't Speak No Doubt",1051115643,3811719,"more than 8 times","90's"
"350",1996,4,"The Fugees","Killing Me Softly",1,"Killing Me Softly The Fugees",475170434,3128631,"1 time","90's"
"351",1996,5,"Sublime","What I Got",10,"What I Got Sublime",72946147,379004,"more than 8 times","90's"
"352",1996,6,"R. Kelly","I Believe I Can Fly",12,"I Believe I Can Fly R. Kelly",14688753,213034,"more than 8 times","90's"
"353",1996,7,"Dave Matthews Band","Crash into Me",11,"Crash into Me Dave Matthews Band",32638390,170860,"more than 8 times","90's"
"354",1996,8,"Beck","Where It's At",10,"Where It's At Beck",21608104,139950,"more than 8 times","90's"
"355",1996,9,"Busta Rhymes","Woo-hah! Got you all in check",2,"Woo-Hah!! Got You All In Check Busta Rhymes",4819188,71526,"2 times","90's"
"356",1996,10,"Rage Against The Machi","Bulls On Parade",7,"Bulls On Parade Rage Against The Machi",79301685,552704,"5--8 times","90's"
"357",1997,1,"Notorious B.I.G.","Mo Money Mo Problems",0,"Mo Money Mo Problems Notorious B.I.G.",2258222,21932,"0 time","90's"
"358",1997,2,"Radiohead","Paranoid Android",0,"Paranoid Android Radiohead",34454011,261312,"0 time","90's"
"359",1997,3,"The Verve","Bittersweet Symphony",1,"Bittersweet Symphony The Verve",979298858,4738604,"1 time","90's"
"360",1997,4,"Blur","Song 2",0,"Song 2 Blur",176099421,1582994,"0 time","90's"
"361",1997,5,"Green Day","Good Riddance (Time of Your Life)",0,"Good Riddance (Time of Your Life) Green Day",94388775,614240,"0 time","90's"
"362",1997,6,"Puff Daddy","I'll Be Missin' You",4,"I'll Be Missing You Puff Daddy",3231977,31694,"3--4 times","90's"
"363",1997,7,"Foo Fighters","Everlong",1,"Everlong Foo Fighters",287822638,1558337,"1 time","90's"
"364",1997,8,"Erykah Badu","On and On",1,"On and On Erykah Badu",63140009,547054,"1 time","90's"
"365",1997,9,"Radiohead","Karma Police",3,"Karma Police Radiohead",98913080,676361,"3--4 times","90's"
"366",1997,10,"Third Eye Blind","Semi-Charmed Life",0,"Semi-Charmed Life Third Eye Blind",1935634,21322,"0 time","90's"
"367",1998,1,"Lauryn Hill","Doo Wop (That Thing)",0,"Doo Wop (That Thing) Lauryn Hill",174039841,1164496,"0 time","90's"
"368",1998,2,"Jay Z","Hard Knock Life",1,"Hard Knock Life Jay Z",2442054,35445,"1 time","90's"
"369",1998,3,"Goo Goo Dolls","Iris",0,"Iris Goo Goo Dolls",485431833,2919089,"0 time","90's"
"370",1998,4,"Beastie Boys","Intergalactic",29,"Intergalactic Beastie Boys",90852550,696784,"more than 8 times","90's"
"371",1998,5,"Madonna","Ray Of Light",6,"Ray Of Light Madonna",30720127,195019,"5--8 times","90's"
"372",1998,6,"Brandy and Monica","The Boy Is Mine",29,"The Boy Is Mine Brandy and Monica",102397647,775235,"more than 8 times","90's"
"373",1998,7,"Barenaked Ladies","One Week",3,"One Week Barenaked Ladies",37304907,218828,"3--4 times","90's"
"374",1998,8,"Kid Rock","Bawitdaba",20,"Bawitdaba Kid Rock",52114261,314291,"more than 8 times","90's"
"375",1998,9,"Korn","Freak On A Leash",1,"Freak On A Leash Korn",297671519,1687519,"1 time","90's"
"376",1998,10,"Outkast","Rosa Parks",0,"Rosa Parks Outkast",1539937,21045,"0 time","90's"
"377",1999,1,"Santana and Rob Thomas","Smooth",5,"Smooth Santana and Rob Thomas",353284611,1724031,"5--8 times","90's"
"378",1999,2,"Eminem","My Name Is",48,"My Name Is Eminem",50554545,547601,"more than 8 times","90's"
"379",1999,3,"Red Hot Chili Peppers","Scar Tissue",2,"Scar Tissue Red Hot Chili Peppers",490210848,2095541,"2 times","90's"
"380",1999,4,"TLC","No Scrub",16,"No Scrubs TLC",397645284,2303473,"more than 8 times","90's"
"381",1999,5,"Creed","Higher",8,"Higher Creed",75546636,365732,"5--8 times","90's"
"382",1999,6,"Blink 182","All The Small Things",1,"All The Small Things Blink 182",359207501,1719944,"1 time","90's"
"383",1999,7,"Macy Gray","I Try",18,"I Try Macy Gray",73931118,528598,"more than 8 times","90's"
"384",1999,8,"Incubus","Drive",5,"Drive Incubus",194017825,1043733,"5--8 times","90's"
"385",1999,9,"Destiny's Child","Say My Name",58,"Say My Name Destiny's Child",371705305,1832945,"more than 8 times","90's"
"386",1999,10,"Len","Steal My Sunshine",18,"Steal My Sunshine Len",74183398,418098,"more than 8 times","90's"
"387",2000,1,"Radiohead","Idioteque",0,"Idioteque Radiohead",6647685,86809,"0 time","2000s"
"388",2000,2,"Coldplay","Yellow",5,"Yellow Coldplay",989633886,5298236,"5--8 times","2000s"
"389",2000,3,"U2","Beautiful Day",7,"Beautiful Day U2",188957703,739869,"5--8 times","2000s"
"390",2000,4,"OutKast","Ms. Jackson",12,"Ms. Jackson OutKast",329733302,2837274,"more than 8 times","2000s"
"391",2000,5,"Daft Punk","One More Time",27,"One More Time Daft Punk",479524843,2970599,"more than 8 times","2000s"
"392",2000,6,"Eminem","Stan",6,"Stan Eminem",691221284,5755731,"5--8 times","2000s"
"393",2000,7,"Aaliyah","Try Again",38,"Try Again Aaliyah",11243037,183459,"more than 8 times","2000s"
"394",2000,8,"OutKast","Bombs over Baghdad",12,"B.O.B. (Bombs Over Baghdad) OutKast",26059487,218279,"more than 8 times","2000s"
"395",2000,9,"Linkin Park","In the End",7,"In the End Linkin Park",1670681060,11152116,"5--8 times","2000s"
"396",2000,10,"Madonna","Music",17,"Music Madonna",36924819,218825,"more than 8 times","2000s"
"397",2001,1,"The Strokes","Last night",3,"Last Nite The Strokes",120321572,633652,"3--4 times","2000s"
"398",2001,2,"Missy Elliott","Get yoUr Freak On",42,"Get Ur Freak On Missy Elliott",78039106,716750,"more than 8 times","2000s"
"399",2001,3,"Alicia Keys","Fallin'",9,"Fallin' Alicia Keys",307029090,1965122,"more than 8 times","2000s"
"400",2001,4,"The White Stripes","Fell in Love with a Girl",2,"Fell in Love with a Girl The White Stripes",26187776,294446,"2 times","2000s"
"401",2001,5,"Kylie Minogue","Can't Get You Out of My Head",10,"Can't Get You Out of My Head Kylie Minogue",411773179,2719147,"more than 8 times","2000s"
"402",2001,6,"Mary J. Blige","Family Affair",0,"Family Affair Mary J. Blige",524139039,2612589,"0 time","2000s"
"403",2001,7,"Nickelback","How You Remind Me",9,"How You Remind Me Nickelback",58808207,652058,"more than 8 times","2000s"
"404",2001,8,"Daft Punk","Harder, Better, Faster, Stronger",0,"Harder Better Faster Stronger Daft Punk",131486485,1484630,"0 time","2000s"
"405",2001,9,"Destiny's Child","Survivor",22,"Survivor Destiny's Child",187755295,1255135,"more than 8 times","2000s"
"406",2001,10,"Jay Z","Izz-o",21,"Izzo (H.O.V.A.) Jay Z",2705634,35454,"more than 8 times","2000s"
"407",2002,1,"Eminem","Lose Yourself",6,"Lose Yourself Eminem",1331717761,9650171,"5--8 times","2000s"
"408",2002,2,"Coldplay","Clocks",1,"Clocks Coldplay",459344071,2169577,"1 time","2000s"
"409",2002,3,"LCD Soundsystem","Losing My Edge",14,"Losing My Edge LCD Soundsystem",1937013,10900,"more than 8 times","2000s"
"410",2002,4,"The Rapture","House of Jealous Lovers",8,"House of Jealous Lovers The Rapture",1707171,9895,"5--8 times","2000s"
"411",2002,5,"The Roots","The Seed",1,"The Seed (2.0) The Roots",54748573,320088,"1 time","2000s"
"412",2002,6,"Missy Elliot","Work It",5,"Work It Missy Elliot",150044522,1143318,"5--8 times","2000s"
"413",2002,7,"Eminem","Without Me",8,"Without Me Eminem",1812219510,13113043,"5--8 times","2000s"
"414",2002,8,"Queens of the Stone Age","No One Knows",4,"No One Knows Queens of the Stone Age",168982851,868289,"3--4 times","2000s"
"415",2002,9,"Nas","Made You Look",4,"Made You Look Nas",13482283,125227,"3--4 times","2000s"
"416",2002,10,"Nelly feat. Kelly Rowland","Dilemma",1,"Dilemma Nelly feat. Kelly Rowland",1485569882,7904804,"1 time","2000s"
"417",2003,1,"Outkast","Hey Ya!",27,"Hey Ya! Outkast",688150164,5101188,"more than 8 times","2000s"
"418",2003,2,"Beyonce","Crazy In Love",5,"Crazy In Love Beyonce",750484361,3598373,"5--8 times","2000s"
"419",2003,3,"The White Stripes","Seven Nation Army",1,"Seven Nation Army The White Stripes",608750675,5048527,"1 time","2000s"
"420",2003,4,"Kanye West","Jesus Walks",2,"Jesus Walks Kanye West",6611129,88365,"2 times","2000s"
"421",2003,5,"50 Cent","In Da Club",0,"In Da Club 50 Cent",1936909956,11881763,"0 time","2000s"
"422",2003,6,"Jay Z","ninety-nine problems",12,"99 Problems Jay Z",2216305,26285,"more than 8 times","2000s"
"423",2003,7,"The Killers","Mr. Brightside",2,"Mr. Brightside The Killers",544058500,2798349,"2 times","2000s"
"424",2003,8,"Yeah Yeah Yeahs","Maps",5,"Maps Yeah Yeah Yeahs",84298690,481932,"5--8 times","2000s"
"425",2003,9,"R. Kelly","Ignition",1,"Ignition R. Kelly",6606189,46147,"1 time","2000s"
"426",2003,10,"Black Eyed Peas","Where is the Love",17,"Where is the Love Black Eyed Peas",1004285020,5318878,"more than 8 times","2000s"
"427",2004,1,"Franz Ferdinand","Take Me Out",7,"Take Me Out Franz Ferdinand",110257146,932605,"5--8 times","2000s"
"428",2004,2,"Usher feat. Lil' Jon and Ludacris","Yeah",81,"Yeah! Usher feat. Lil' Jon and Ludacris",877591612,5617331,"more than 8 times","2000s"
"429",2004,3,"Green Day","Boulevard of Broken Dreams",2,"Boulevard of Broken Dreams Green Day",767866081,6200287,"2 times","2000s"
"430",2004,4,"Britney Spears","Toxic",14,"Toxic Britney Spears",641824199,4246960,"more than 8 times","2000s"
"431",2004,5,"Kelly Clarkson","Since you been gone",12,"Since U Been Gone Kelly Clarkson",118913058,707144,"more than 8 times","2000s"
"432",2004,6,"Arcade Fire","Neighborhood #1 (Tunnels)",0,"Neighborhood 1 (Tunnels) Arcade Fire",4323190,24182,"0 time","2000s"
"433",2004,7,"Modest Mouse","Float On",18,"Float On Modest Mouse",112456906,673998,"more than 8 times","2000s"
"434",2004,8,"Snoop Dogg feat. Pharrell","Drop It Like It's Hot",12,"Drop It Like It's Hot Snoop Dogg feat. Pharrell",276515184,2126864,"more than 8 times","2000s"
"435",2004,9,"Annie","Heartbeat",15,"Heartbeat Annie",198169,3230,"more than 8 times","2000s"
"436",2004,10,"Interpol","Slow Hands",8,"Slow Hands Interpol",11896191,85565,"5--8 times","2000s"
"437",2005,1,"Gorillaz","Feel Good Inc.",0,"Feel Good Inc. Gorillaz",789096813,6809942,"0 time","2000s"
"438",2005,2,"Kanye West","Gold Digger",8,"Gold Digger Kanye West",344716951,1926308,"5--8 times","2000s"
"439",2005,3,"Arctic Monkeys","I bet that you look good on the dance floor",0,"I Bet You Look Good On the Dancefloor Arctic Monkeys",24686776,226636,"0 time","2000s"
"440",2005,4,"Amerie","one thing",42,"1 Thing Amerie",53204647,482808,"more than 8 times","2000s"
"441",2005,5,"Mariah Carey","We Belong Together",10,"We Belong Together Mariah Carey",623595761,2452205,"more than 8 times","2000s"
"442",2005,6,"The Game feat. 50 Cent","Hate It or Love It",6,"Hate It or Love It The Game feat. 50 Cent",333683728,1605120,"5--8 times","2000s"
"443",2005,7,"Coldplay","Speed of Sound",3,"Speed of Sound Coldplay",231174533,629075,"3--4 times","2000s"
"444",2005,8,"Three 6 Mafia","Stay Fly",0,"Stay Fly Three 6 Mafia",69739813,597130,"0 time","2000s"
"445",2005,9,"Franz Ferdinand","Do You Want To",8,"Do You Want To Franz Ferdinand",13602949,106209,"5--8 times","2000s"
"446",2005,10,"Beyonc feat. Slim Thug","Check On It",4,"Check On It Beyonc?? feat. Slim Thug",140081033,720809,"3--4 times","2000s"
